periodsEnd,runs,printPeriodData,printEveryNPeriods,dataTakingForm
10000,100,0,1,0
Marker,N,bmean,bstdev,econInt,burStr,burFear,Mean_Percent_Acting,StDev_Percent_Acting,Mean_Eq_Percent_Acting,StDev_Eq_Percent_Acting,Mean_Time_to_Equilibrium,StDev_Time_to_Equilibrium,Mean_%_Population_Who_Are_Rabble-Rousers,StDev_%_Population_Who_Are_Rabble-Rousers
1,1000.0,0.6,0.2,0.0,0.0,0.0,0.9816500000000007,0.1291184074069732,0.9816500000000007,0.1291184074069732,59.08000000000002,1.6677572189662804,0.023279999999999995,0.00506539058890643
2,1000.0,0.6,0.2,0.0,0.0,0.0,0.9999900000000007,0.00010000000000000033,0.9999900000000007,0.00010000000000000033,57.83000000000003,1.1464041278024193,0.022859999999999995,0.0049380403425085964
3,1000.0,0.6,0.2,0.0,0.0,0.0,1.0000000000000007,6.694896738718451e-16,1.0000000000000007,6.694896738718451e-16,57.060000000000024,0.8506681865665164,0.02279,0.005029800084385949
4,1000.0,0.6,0.2,0.0,0.0,0.0,1.0000000000000007,6.694896738718451e-16,1.0000000000000007,6.694896738718451e-16,56.48000000000004,0.6432242017658961,0.02171,0.004678113666291947
5,1000.0,0.6,0.2,0.0,0.0,0.0,1.0000000000000007,6.694896738718451e-16,1.0000000000000007,6.694896738718451e-16,56.01000000000004,0.594503442743895,0.021779999999999997,0.004650578328324207
6,1000.0,0.6,0.2,0.0,0.0,0.0,1.0000000000000007,6.694896738718451e-16,1.0000000000000007,6.694896738718451e-16,55.77,0.5290548080293663,0.022449999999999994,0.004358609267584643
7,1000.0,0.6,0.2,0.0,0.0,0.0,0.9999900000000007,0.00010000000000000022,0.9999900000000007,0.00010000000000000022,55.33999999999996,0.4968588198559896,0.022620000000000005,0.004242116871982144
8,1000.0,0.6,0.2,0.0,0.0,0.0,0.9999900000000007,0.00010000000000000022,0.9999900000000007,0.00010000000000000022,55.06999999999993,0.3258245174347938,0.022549999999999987,0.004344682108769597
9,1000.0,0.6,0.2,0.0,0.0,0.0,0.9999600000000007,0.00019694638556693229,0.9999600000000007,0.00019694638556693229,54.999999999999936,0.3178208630818641,0.022539999999999994,0.004475342095157291
10,1000.0,0.6,0.2,0.0,0.0,0.0,1.0000000000000007,6.694896738718451e-16,1.0000000000000007,6.694896738718451e-16,54.92999999999993,0.43239992711573955,0.022259999999999995,0.00529459415562017
11,1000.0,0.6,0.2,0.0,0.0,0.0,0.9999900000000007,0.00010000000000000028,0.9999900000000007,0.00010000000000000028,54.76999999999993,0.44619604333847346,0.022249999999999992,0.00493057867401039
12,1000.0,0.6,0.2,0.0,0.0,0.0,0.9999600000000008,0.00019694638556693275,0.9999600000000008,0.00019694638556693275,54.66999999999994,0.4934930126509934,0.022489999999999996,0.004687173557656679
13,1000.0,0.6,0.2,0.0,0.0,0.0,0.9999400000000008,0.00023868325657594208,0.9999400000000008,0.00023868325657594208,54.42999999999993,0.497569851956243,0.022509999999999995,0.004212763195026957
14,1000.0,0.6,0.2,0.0,0.0,0.0,0.9999400000000008,0.00023868325657594214,0.9999400000000008,0.00023868325657594214,54.25999999999992,0.440844002276808,0.02265999999999999,0.0046105281364470264
15,1000.0,0.6,0.2,0.0,0.0,0.0,0.9999100000000009,0.0003208259542638238,0.9999100000000009,0.0003208259542638238,54.149999999999935,0.3588702812826362,0.023519999999999996,0.004262782322769147
16,1000.0,0.6,0.2,0.0,0.0,0.0,0.9999700000000007,0.0001714466079977652,0.9999700000000007,0.0001714466079977652,54.159999999999926,0.36845294917747035,0.022940000000000002,0.004896545886251003
17,1000.0,0.6,0.2,0.0,0.0,0.0,0.9999000000000009,0.00030151134457776413,0.9999000000000009,0.00030151134457776413,54.09999999999993,0.30151134457776374,0.022820000000000003,0.004586717758700637
18,1000.0,0.6,0.2,0.0,0.0,0.0,0.9999300000000008,0.0002564323999762429,0.9999300000000008,0.0002564323999762429,54.05999999999993,0.23868325657594192,0.023639999999999987,0.004604609021667772
19,1000.0,0.6,0.2,0.0,0.0,0.0,0.9999500000000008,0.00021904291355759038,0.9999500000000008,0.00021904291355759038,54.03999999999992,0.19694638556693234,0.02292,0.004545349493735552
20,1000.0,0.6,0.2,0.0,0.0,0.0,0.9999500000000008,0.00021904291355759038,0.9999500000000008,0.00021904291355759038,54.01999999999993,0.2,0.02273,0.004865576880888677
21,1000.0,0.6,0.2,0.0,0.1,0.0,0.9909500000000007,0.09049999999999984,0.9909500000000007,0.09049999999999984,59.23000000000001,2.1265754706389406,0.022889999999999997,0.004886375616616741
22,1000.0,0.6,0.2,0.0,0.1,0.0,0.9999900000000007,0.00010000000000000018,0.9999900000000007,0.00010000000000000018,58.03000000000001,1.4174596710989398,0.022820000000000007,0.004459424250557986
23,1000.0,0.6,0.2,0.0,0.1,0.0,1.0000000000000007,6.694896738718451e-16,1.0000000000000007,6.694896738718451e-16,57.070000000000014,0.9455370981830401,0.022680000000000002,0.004653401058810794
24,1000.0,0.6,0.2,0.0,0.1,0.0,0.9999900000000007,0.00010000000000000014,0.9999900000000007,0.00010000000000000014,56.47000000000004,0.7171069824248144,0.022669999999999996,0.004548404093523332
25,1000.0,0.6,0.2,0.0,0.1,0.0,0.9999900000000007,0.00010000000000000011,0.9999900000000007,0.00010000000000000011,56.01000000000004,0.6741249472052233,0.022509999999999995,0.004641697268818114
26,1000.0,0.6,0.2,0.0,0.1,0.0,0.9999700000000008,0.00017144660799776548,0.9999700000000008,0.00017144660799776548,55.77000000000003,0.5835281060112283,0.022230000000000017,0.0047051551354322894
27,1000.0,0.6,0.2,0.0,0.1,0.0,0.9999800000000008,0.00014070529413628963,0.9999800000000008,0.00014070529413628963,55.28999999999994,0.45604802157206925,0.022720000000000008,0.0038978885763365995
28,1000.0,0.6,0.2,0.0,0.1,0.0,0.9999900000000007,0.00010000000000000022,0.9999900000000007,0.00010000000000000022,55.13999999999994,0.3765875486765089,0.022809999999999997,0.005256443856848661
29,1000.0,0.6,0.2,0.0,0.1,0.0,0.9999800000000008,0.0001407052941362897,0.9999800000000008,0.0001407052941362897,55.01999999999991,0.3475745687015682,0.022890000000000008,0.004902885153486958
30,1000.0,0.6,0.2,0.0,0.1,0.0,1.0000000000000007,6.694896738718451e-16,1.0000000000000007,6.694896738718451e-16,54.91999999999991,0.36735472631980026,0.022750000000000003,0.0048186820780890885
31,1000.0,0.6,0.2,0.0,0.1,0.0,0.9999700000000007,0.00017144660799776516,0.9999700000000007,0.00017144660799776516,54.77999999999992,0.43992653197477594,0.023000000000000003,0.004683950676447602
32,1000.0,0.6,0.2,0.0,0.1,0.0,0.9999700000000008,0.0001714466079977657,0.9999700000000008,0.0001714466079977657,54.61999999999992,0.48783173121456336,0.02287000000000001,0.00508047361189999
33,1000.0,0.6,0.2,0.0,0.1,0.0,0.9999800000000008,0.00014070529413628955,0.9999800000000008,0.00014070529413628955,54.42999999999993,0.497569851956243,0.02250000000000001,0.004418738793507999
34,1000.0,0.6,0.2,0.0,0.1,0.0,0.9999500000000008,0.00021904291355759044,0.9999500000000008,0.00021904291355759044,54.309999999999924,0.48606854070452526,0.022949999999999995,0.004740487551109296
35,1000.0,0.6,0.2,0.0,0.1,0.0,0.9999600000000007,0.00019694638556693229,0.9999600000000007,0.00019694638556693229,54.229999999999926,0.4229525846816504,0.02303,0.004787304338381134
36,1000.0,0.6,0.2,0.0,0.1,0.0,0.9999600000000007,0.00024287836253956212,0.9999600000000007,0.00024287836253956212,54.13999999999993,0.3487350880197773,0.022670000000000003,0.004492541518219868
37,1000.0,0.6,0.2,0.0,0.1,0.0,0.9999000000000009,0.0003333333333333338,0.9999000000000009,0.0003333333333333338,54.119999999999926,0.32659863237109055,0.023570000000000008,0.005696454683361922
38,1000.0,0.6,0.2,0.0,0.1,0.0,0.9999600000000007,0.00019694638556693229,0.9999600000000007,0.00019694638556693229,54.06999999999993,0.25643239997624295,0.023459999999999998,0.004617533558255548
39,1000.0,0.6,0.2,0.0,0.1,0.0,0.9999500000000008,0.00021904291355759033,0.9999500000000008,0.00021904291355759033,54.10999999999993,0.3144660377352201,0.021729999999999992,0.0042518088842137276
40,1000.0,0.6,0.2,0.0,0.1,0.0,0.9999100000000009,0.00032082595426382394,0.9999100000000009,0.00032082595426382394,54.049999999999926,0.26111648393354653,0.022610000000000005,0.004592253028611107
41,1000.0,0.6,0.2,0.0,0.2,0.0,0.9999900000000007,0.0001000000000000001,0.9999900000000007,0.0001000000000000001,59.079999999999984,2.3254411984990635,0.022570000000000003,0.004735968110048245
42,1000.0,0.6,0.2,0.0,0.2,0.0,1.0000000000000007,6.694896738718451e-16,1.0000000000000007,6.694896738718451e-16,57.99999999999999,1.5109031348264137,0.022169999999999995,0.004346262762420148
43,1000.0,0.6,0.2,0.0,0.2,0.0,1.0000000000000007,6.694896738718451e-16,1.0000000000000007,6.694896738718451e-16,57.22000000000002,0.927470765146816,0.022789999999999994,0.004463759795861726
44,1000.0,0.6,0.2,0.0,0.2,0.0,1.0000000000000007,6.694896738718451e-16,1.0000000000000007,6.694896738718451e-16,56.46000000000004,0.6878454136877798,0.02225,0.004731956692681596
45,1000.0,0.6,0.2,0.0,0.2,0.0,1.0000000000000007,6.694896738718451e-16,1.0000000000000007,6.694896738718451e-16,55.97000000000005,0.5587684871413409,0.022979999999999997,0.0046405764183934635
46,1000.0,0.6,0.2,0.0,0.2,0.0,1.0000000000000007,6.694896738718451e-16,1.0000000000000007,6.694896738718451e-16,55.680000000000014,0.5663992238766588,0.02309,0.004780209623060901
47,1000.0,0.6,0.2,0.0,0.2,0.0,0.9999900000000007,0.00010000000000000028,0.9999900000000007,0.00010000000000000028,55.40999999999995,0.5143398239932958,0.023060000000000008,0.00502281662702182
48,1000.0,0.6,0.2,0.0,0.2,0.0,0.9999800000000008,0.0001407052941362898,0.9999800000000008,0.0001407052941362898,55.209999999999965,0.4560480215720689,0.023720000000000005,0.005067384319191099
49,1000.0,0.6,0.2,0.0,0.2,0.0,0.9999800000000008,0.00014070529413628938,0.9999800000000008,0.00014070529413628938,55.03999999999992,0.3458264877015059,0.02222,0.004877447585520008
50,1000.0,0.6,0.2,0.0,0.2,0.0,0.9999800000000006,0.00014070529413628993,0.9999800000000006,0.00014070529413628993,54.90999999999992,0.40439504637835716,0.022669999999999996,0.004748322404446191
51,1000.0,0.6,0.2,0.0,0.2,0.0,0.9999700000000008,0.00017144660799776554,0.9999700000000008,0.00017144660799776554,54.779999999999916,0.46231739501923713,0.022579999999999985,0.005280381069811557
52,1000.0,0.6,0.2,0.0,0.2,0.0,0.9999600000000008,0.00019694638556693277,0.9999600000000008,0.00019694638556693277,54.56999999999991,0.4975698519562434,0.023810000000000005,0.0038525735855818805
53,1000.0,0.6,0.2,0.0,0.2,0.0,0.9999400000000009,0.00023868325657594227,0.9999400000000009,0.00023868325657594227,54.40999999999993,0.4943110704237104,0.022280000000000008,0.004952460871816019
54,1000.0,0.6,0.2,0.0,0.2,0.0,0.9999300000000008,0.00025643239997624273,0.9999300000000008,0.00025643239997624273,54.28999999999993,0.4776838056516233,0.023749999999999997,0.004837511255957465
55,1000.0,0.6,0.2,0.0,0.2,0.0,0.9999200000000008,0.00027265992434429123,0.9999200000000008,0.00027265992434429123,54.209999999999916,0.40936018074033254,0.022320000000000003,0.004554673479520844
56,1000.0,0.6,0.2,0.0,0.2,0.0,0.9999400000000009,0.00023868325657594227,0.9999400000000009,0.00023868325657594227,54.19999999999992,0.40201512610368495,0.022810000000000004,0.0054581881775748785
57,1000.0,0.6,0.2,0.0,0.2,0.0,0.9999700000000008,0.00017144660799776554,0.9999700000000008,0.00017144660799776554,54.14999999999992,0.35887028128263654,0.022680000000000002,0.004672896274898428
58,1000.0,0.6,0.2,0.0,0.2,0.0,0.9999400000000009,0.00023868325657594244,0.9999400000000009,0.00023868325657594244,54.06999999999992,0.25643239997624295,0.022460000000000008,0.004924521204229818
59,1000.0,0.6,0.2,0.0,0.2,0.0,0.9999400000000009,0.00023868325657594238,0.9999400000000009,0.00023868325657594238,54.01999999999993,0.2,0.021929999999999995,0.004907744858482316
60,1000.0,0.6,0.2,0.0,0.2,0.0,0.9999300000000008,0.0002564323999762428,0.9999300000000008,0.0002564323999762428,54.009999999999934,0.17378728435078397,0.02264999999999999,0.0049530625155380665
61,1000.0,0.6,0.2,0.0,0.30000000000000004,0.0,1.0000000000000007,6.694896738718451e-16,1.0000000000000007,6.694896738718451e-16,59.38000000000001,2.2864555075222417,0.022899999999999997,0.004785288904443481
62,1000.0,0.6,0.2,0.0,0.30000000000000004,0.0,1.0000000000000007,6.694896738718451e-16,1.0000000000000007,6.694896738718451e-16,57.949999999999974,1.4590366269521395,0.02282,0.004643622758497112
63,1000.0,0.6,0.2,0.0,0.30000000000000004,0.0,1.0000000000000007,6.694896738718451e-16,1.0000000000000007,6.694896738718451e-16,57.1,0.7977240352174653,0.02259999999999999,0.0050432473104482425
64,1000.0,0.6,0.2,0.0,0.30000000000000004,0.0,1.0000000000000007,6.694896738718451e-16,1.0000000000000007,6.694896738718451e-16,56.36000000000006,0.5777000724747868,0.02381000000000001,0.004505204622086401
65,1000.0,0.6,0.2,0.0,0.30000000000000004,0.0,0.9999900000000007,0.00010000000000000015,0.9999900000000007,0.00010000000000000015,56.08000000000004,0.6463573143221771,0.022120000000000008,0.004245687056986017
66,1000.0,0.6,0.2,0.0,0.30000000000000004,0.0,1.0000000000000007,6.694896738718451e-16,1.0000000000000007,6.694896738718451e-16,55.81000000000003,0.5978919195596705,0.022780000000000012,0.004743054464853389
67,1000.0,0.6,0.2,0.0,0.30000000000000004,0.0,0.9999900000000007,0.00010000000000000021,0.9999900000000007,0.00010000000000000021,55.419999999999966,0.516006420757171,0.022749999999999996,0.0046674782844008545
68,1000.0,0.6,0.2,0.0,0.30000000000000004,0.0,0.9999800000000008,0.00014070529413628974,0.9999800000000008,0.00014070529413628974,55.16999999999995,0.40339468604243267,0.02218,0.0049551116347799195
69,1000.0,0.6,0.2,0.0,0.30000000000000004,0.0,0.9999800000000008,0.00014070529413628963,0.9999800000000008,0.00014070529413628963,55.00999999999993,0.3331817837308952,0.023320000000000007,0.00456796044491003
70,1000.0,0.6,0.2,0.0,0.30000000000000004,0.0,0.9999900000000007,0.00010000000000000018,0.9999900000000007,0.00010000000000000018,54.90999999999991,0.32082595426382365,0.02253000000000001,0.005054161201875683
71,1000.0,0.6,0.2,0.0,0.30000000000000004,0.0,0.9999800000000008,0.00014070529413628963,0.9999800000000008,0.00014070529413628963,54.70999999999992,0.49838121792844364,0.02277,0.004819688157899218
72,1000.0,0.6,0.2,0.0,0.30000000000000004,0.0,0.9999500000000009,0.00021904291355759046,0.9999500000000009,0.00021904291355759046,54.66999999999992,0.4725815626252611,0.021689999999999997,0.004556480566348892
73,1000.0,0.6,0.2,0.0,0.30000000000000004,0.0,0.9999600000000007,0.00019694638556693229,0.9999600000000007,0.00019694638556693229,54.35999999999993,0.4824181513244212,0.022789999999999998,0.0045043077024985645
74,1000.0,0.6,0.2,0.0,0.30000000000000004,0.0,0.9999600000000007,0.00019694638556693229,0.9999600000000007,0.00019694638556693229,54.379999999999924,0.48783173121456375,0.022760000000000013,0.004107445813533164
75,1000.0,0.6,0.2,0.0,0.30000000000000004,0.0,0.9999200000000008,0.0002726599243442912,0.9999200000000008,0.0002726599243442912,54.21999999999993,0.41633319989322687,0.023349999999999992,0.004899752622079585
76,1000.0,0.6,0.2,0.0,0.30000000000000004,0.0,0.9999800000000008,0.0001407052941362898,0.9999800000000008,0.0001407052941362898,54.17999999999993,0.38612291966536905,0.022030000000000004,0.005240585594543549
77,1000.0,0.6,0.2,0.0,0.30000000000000004,0.0,0.9999600000000007,0.00019694638556693223,0.9999600000000007,0.00019694638556693223,54.10999999999993,0.3144660377352201,0.022799999999999994,0.004917501213199463
78,1000.0,0.6,0.2,0.0,0.30000000000000004,0.0,0.999910000000001,0.0002876234912646616,0.999910000000001,0.0002876234912646616,54.07999999999994,0.30748244591432267,0.02296,0.004556979329123689
79,1000.0,0.6,0.2,0.0,0.30000000000000004,0.0,0.9999300000000009,0.00025643239997624317,0.9999300000000009,0.00025643239997624317,54.039999999999935,0.24287836253956208,0.02327,0.00435740400892202
80,1000.0,0.6,0.2,0.0,0.30000000000000004,0.0,0.9999400000000008,0.00023868325657594227,0.9999400000000008,0.00023868325657594227,54.02999999999993,0.17144660799776537,0.022439999999999988,0.004311881634776543
81,1000.0,0.6,0.2,0.0,0.4,0.0,1.0000000000000007,6.694896738718451e-16,1.0000000000000007,6.694896738718451e-16,59.200000000000024,1.675732916690726,0.023099999999999996,0.004963503161715889
82,1000.0,0.6,0.2,0.0,0.4,0.0,1.0000000000000007,6.694896738718451e-16,1.0000000000000007,6.694896738718451e-16,58.04999999999998,1.0766108438479098,0.022059999999999996,0.003917894713988493
83,1000.0,0.6,0.2,0.0,0.4,0.0,1.0000000000000007,6.694896738718451e-16,1.0000000000000007,6.694896738718451e-16,57.08000000000002,0.8125281657899752,0.022559999999999997,0.005059883817087528
84,1000.0,0.6,0.2,0.0,0.4,0.0,1.0000000000000007,6.694896738718451e-16,1.0000000000000007,6.694896738718451e-16,56.37000000000005,0.6614187383758849,0.023170000000000003,0.00511100021838419
85,1000.0,0.6,0.2,0.0,0.4,0.0,1.0000000000000007,6.694896738718451e-16,1.0000000000000007,6.694896738718451e-16,56.01000000000004,0.559491110769691,0.022940000000000002,0.004779628488161865
86,1000.0,0.6,0.2,0.0,0.4,0.0,1.0000000000000007,6.694896738718451e-16,1.0000000000000007,6.694896738718451e-16,55.72000000000002,0.5699548094792114,0.022929999999999992,0.005065739548349992
87,1000.0,0.6,0.2,0.0,0.4,0.0,0.9999800000000008,0.0001407052941362898,0.9999800000000008,0.0001407052941362898,55.479999999999976,0.5218459852516188,0.021840000000000005,0.005210168767502506
88,1000.0,0.6,0.2,0.0,0.4,0.0,0.9999800000000006,0.0001407052941362899,0.9999800000000006,0.0001407052941362899,55.219999999999956,0.46231739501923746,0.022179999999999988,0.004274377502081797
89,1000.0,0.6,0.2,0.0,0.4,0.0,0.9999500000000008,0.00021904291355759036,0.9999500000000008,0.00021904291355759036,54.98999999999992,0.2657180095628833,0.022779999999999988,0.004584955635752454
90,1000.0,0.6,0.2,0.0,0.4,0.0,0.9999900000000007,0.00010000000000000033,0.9999900000000007,0.00010000000000000033,54.91999999999992,0.3074824459143232,0.02295000000000001,0.005322669262767325
91,1000.0,0.6,0.2,0.0,0.4,0.0,0.9999700000000007,0.00017144660799776516,0.9999700000000007,0.00017144660799776516,54.799999999999905,0.44946657497549486,0.023179999999999996,0.004425317428550674
92,1000.0,0.6,0.2,0.0,0.4,0.0,0.9999500000000008,0.00021904291355759038,0.9999500000000008,0.00021904291355759038,54.62999999999993,0.48523658709390954,0.022059999999999986,0.004408027571454955
93,1000.0,0.6,0.2,0.0,0.4,0.0,0.9999400000000007,0.00023868325657594214,0.9999400000000007,0.00023868325657594214,54.37999999999992,0.48783173121456325,0.02290999999999999,0.0049484106212770666
94,1000.0,0.6,0.2,0.0,0.4,0.0,0.9999500000000007,0.0002611164839335468,0.9999500000000007,0.0002611164839335468,54.269999999999925,0.44619604333847357,0.023060000000000004,0.005289249626947247
95,1000.0,0.6,0.2,0.0,0.4,0.0,0.9999600000000008,0.00019694638556693272,0.9999600000000008,0.00019694638556693272,54.199999999999925,0.4020151261036853,0.022759999999999992,0.004095131378857219
96,1000.0,0.6,0.2,0.0,0.4,0.0,0.999910000000001,0.0003208259542638237,0.999910000000001,0.0003208259542638237,54.13999999999992,0.3487350880197769,0.023580000000000007,0.005407028721577092
97,1000.0,0.6,0.2,0.0,0.4,0.0,0.9999300000000009,0.0002564323999762431,0.9999300000000009,0.0002564323999762431,54.129999999999924,0.3379976689896309,0.023160000000000007,0.004578650500315614
98,1000.0,0.6,0.2,0.0,0.4,0.0,0.9999200000000009,0.0002726599243442912,0.9999200000000009,0.0002726599243442912,54.05999999999994,0.2777979790634142,0.022790000000000005,0.004680272374013021
99,1000.0,0.6,0.2,0.0,0.4,0.0,0.9999300000000008,0.0002931886695621032,0.9999300000000008,0.0002931886695621032,54.059999999999924,0.23868325657594192,0.022709999999999998,0.004468283289536995
100,1000.0,0.6,0.2,0.0,0.4,0.0,0.9999100000000009,0.0003208259542638239,0.9999100000000009,0.0003208259542638239,54.01999999999993,0.2,0.022450000000000008,0.0047490030851780165
101,1000.0,0.6,0.2,0.0,0.5,0.0,1.0000000000000007,6.694896738718451e-16,1.0000000000000007,6.694896738718451e-16,59.61999999999999,3.1775093479902856,0.022219999999999993,0.00454734910012238
102,1000.0,0.6,0.2,0.0,0.5,0.0,0.9999900000000007,0.00010000000000000025,0.9999900000000007,0.00010000000000000025,58.000000000000036,1.3926212476455826,0.02257,0.00494465326990639
103,1000.0,0.6,0.2,0.0,0.5,0.0,0.9999900000000007,0.00010000000000000028,0.9999900000000007,0.00010000000000000028,57.01000000000003,0.7848952835000392,0.02261,0.004898762985476925
104,1000.0,0.6,0.2,0.0,0.5,0.0,1.0000000000000007,6.694896738718451e-16,1.0000000000000007,6.694896738718451e-16,56.47000000000003,0.7171069824248157,0.023189999999999985,0.005068610073857336
105,1000.0,0.6,0.2,0.0,0.5,0.0,1.0000000000000007,6.694896738718451e-16,1.0000000000000007,6.694896738718451e-16,56.06000000000004,0.5829219328503433,0.022960000000000008,0.004653487884904127
106,1000.0,0.6,0.2,0.0,0.5,0.0,0.9999900000000007,0.00010000000000000015,0.9999900000000007,0.00010000000000000015,55.69000000000001,0.5978919195596706,0.022770000000000002,0.004635948684144402
107,1000.0,0.6,0.2,0.0,0.5,0.0,0.9999800000000006,0.00014070529413628993,0.9999800000000006,0.00014070529413628993,55.409999999999975,0.5143398239932964,0.023419999999999996,0.004675705532026392
108,1000.0,0.6,0.2,0.0,0.5,0.0,0.9999700000000007,0.0001714466079977652,0.9999700000000007,0.0001714466079977652,55.15999999999992,0.3684529491774708,0.02335,0.004297932319409209
109,1000.0,0.6,0.2,0.0,0.5,0.0,1.0000000000000007,6.694896738718451e-16,1.0000000000000007,6.694896738718451e-16,55.03999999999993,0.34582648770150576,0.023190000000000002,0.004967968102827059
110,1000.0,0.6,0.2,0.0,0.5,0.0,0.9999900000000007,0.00010000000000000022,0.9999900000000007,0.00010000000000000022,54.909999999999926,0.42864597716224223,0.023069999999999997,0.00541463598298933
111,1000.0,0.6,0.2,0.0,0.5,0.0,0.9999700000000008,0.00017144660799776548,0.9999700000000008,0.00017144660799776548,54.77999999999991,0.43992653197477577,0.02271000000000001,0.004564454230709564
112,1000.0,0.6,0.2,0.0,0.5,0.0,0.9999200000000007,0.0003387439663632035,0.9999200000000007,0.0003387439663632035,54.61999999999991,0.508115949544805,0.023210000000000005,0.005168464985179867
113,1000.0,0.6,0.2,0.0,0.5,0.0,0.9999700000000008,0.0001714466079977654,0.9999700000000008,0.0001714466079977654,54.47999999999993,0.5218459852516184,0.023550000000000012,0.004477497046116255
114,1000.0,0.6,0.2,0.0,0.5,0.0,0.9999700000000008,0.00017144660799776554,0.9999700000000008,0.00017144660799776554,54.289999999999914,0.45604802157206825,0.023200000000000005,0.005327648485386249
115,1000.0,0.6,0.2,0.0,0.5,0.0,0.9999700000000008,0.0001714466079977656,0.9999700000000008,0.0001714466079977656,54.21999999999992,0.4163331998932267,0.023429999999999996,0.004967073402096872
116,1000.0,0.6,0.2,0.0,0.5,0.0,0.9999200000000009,0.0003074824459143235,0.9999200000000009,0.0003074824459143235,54.159999999999926,0.3684529491774704,0.022540000000000004,0.004118006774882695
117,1000.0,0.6,0.2,0.0,0.5,0.0,0.9999500000000009,0.00021904291355759046,0.9999500000000009,0.00021904291355759046,54.159999999999926,0.3684529491774704,0.022430000000000005,0.004202584582339441
118,1000.0,0.6,0.2,0.0,0.5,0.0,0.9999400000000009,0.00023868325657594222,0.9999400000000009,0.00023868325657594222,54.049999999999926,0.21904291355759012,0.02226999999999999,0.004128871002777362
119,1000.0,0.6,0.2,0.0,0.5,0.0,0.9999200000000007,0.00030748244591432357,0.9999200000000007,0.00030748244591432357,54.059999999999924,0.23868325657594197,0.022989999999999993,0.00422951390573289
120,1000.0,0.6,0.2,0.0,0.5,0.0,0.9999500000000008,0.00021904291355759038,0.9999500000000008,0.00021904291355759038,54.089999999999925,0.28762349126466125,0.022479999999999997,0.004928744794826089
121,1000.0,0.6,0.2,0.0,0.6,0.0,1.0000000000000007,6.694896738718451e-16,1.0000000000000007,6.694896738718451e-16,59.49,2.02257461687031,0.02283000000000001,0.004936065991733447
122,1000.0,0.6,0.2,0.0,0.6,0.0,1.0000000000000007,6.694896738718451e-16,1.0000000000000007,6.694896738718451e-16,57.819999999999986,1.1492641475344483,0.023960000000000006,0.0044128371047582665
123,1000.0,0.6,0.2,0.0,0.6,0.0,1.0000000000000007,6.694896738718451e-16,1.0000000000000007,6.694896738718451e-16,56.910000000000025,0.8052228501376749,0.022400000000000003,0.005085133809309825
124,1000.0,0.6,0.2,0.0,0.6,0.0,0.9999800000000006,0.0001407052941362899,0.9999800000000006,0.0001407052941362899,56.40000000000005,0.6195469181897237,0.023180000000000003,0.004934684499652548
125,1000.0,0.6,0.2,0.0,0.6,0.0,0.9999900000000007,0.00010000000000000025,0.9999900000000007,0.00010000000000000025,56.02000000000004,0.6026875834396486,0.02239,0.0047924498701160945
126,1000.0,0.6,0.2,0.0,0.6,0.0,1.0000000000000007,6.694896738718451e-16,1.0000000000000007,6.694896738718451e-16,55.70000000000002,0.5025189076296057,0.022459999999999983,0.004234108733567997
127,1000.0,0.6,0.2,0.0,0.6,0.0,0.9999800000000008,0.0001407052941362899,0.9999800000000008,0.0001407052941362899,55.31999999999995,0.4688261722621508,0.02214,0.004905202350669144
128,1000.0,0.6,0.2,0.0,0.6,0.0,0.9999900000000007,0.00010000000000000022,0.9999900000000007,0.00010000000000000022,55.19999999999997,0.44946657497549486,0.022510000000000002,0.0042271250109957555
129,1000.0,0.6,0.2,0.0,0.6,0.0,0.9999600000000008,0.00019694638556693283,0.9999600000000008,0.00019694638556693283,55.019999999999904,0.4015122927285302,0.022489999999999993,0.0050080642039322006
130,1000.0,0.6,0.2,0.0,0.6,0.0,0.9999600000000007,0.00019694638556693229,0.9999600000000007,0.00019694638556693229,54.939999999999934,0.3974667256259292,0.023520000000000003,0.005127623743267954
131,1000.0,0.6,0.2,0.0,0.6,0.0,0.9999800000000008,0.0001407052941362898,0.9999800000000008,0.0001407052941362898,54.75999999999992,0.4292346959909277,0.022439999999999998,0.004363114446902314
132,1000.0,0.6,0.2,0.0,0.6,0.0,0.9999800000000008,0.0001407052941362898,0.9999800000000008,0.0001407052941362898,54.55999999999993,0.49888765156985876,0.023039999999999998,0.004435668102456663
133,1000.0,0.6,0.2,0.0,0.6,0.0,0.9999900000000007,0.00010000000000000028,0.9999900000000007,0.00010000000000000028,54.44999999999993,0.5198095999517716,0.02224000000000001,0.004923905816001001
134,1000.0,0.6,0.2,0.0,0.6,0.0,0.9999500000000008,0.0002190429135575904,0.9999500000000008,0.0002190429135575904,54.26999999999992,0.44619604333847357,0.022609999999999998,0.004435611171489955
135,1000.0,0.6,0.2,0.0,0.6,0.0,0.9999800000000008,0.00014070529413628963,0.9999800000000008,0.00014070529413628963,54.179999999999936,0.38612291966536866,0.02284,0.004126093365963315
136,1000.0,0.6,0.2,0.0,0.6,0.0,0.9999400000000009,0.00023868325657594235,0.9999400000000009,0.00023868325657594235,54.129999999999924,0.3379976689896309,0.02306999999999999,0.004290593422732095
137,1000.0,0.6,0.2,0.0,0.6,0.0,0.999890000000001,0.0003450955072018605,0.999890000000001,0.0003450955072018605,54.079999999999934,0.27265992434429076,0.02387,0.0046875183501324325
138,1000.0,0.6,0.2,0.0,0.6,0.0,0.9999600000000008,0.00019694638556693277,0.9999600000000008,0.00019694638556693277,54.05999999999993,0.27779797906341414,0.02261999999999999,0.004268228880669097
139,1000.0,0.6,0.2,0.0,0.6,0.0,0.9999300000000008,0.000256432399976243,0.9999300000000008,0.000256432399976243,54.039999999999935,0.19694638556693253,0.022800000000000004,0.004677476657214646
140,1000.0,0.6,0.2,0.0,0.6,0.0,0.9999600000000007,0.00019694638556693226,0.9999600000000007,0.00019694638556693226,54.02999999999993,0.1714466079977652,0.023010000000000003,0.004393509905864478
141,1000.0,0.6,0.2,0.0,0.7,0.0,0.9908900000000007,0.0910999999999999,0.9908900000000007,0.0910999999999999,59.25000000000001,2.016973430212163,0.02272,0.004114718591946368
142,1000.0,0.6,0.2,0.0,0.7,0.0,1.0000000000000007,6.694896738718451e-16,1.0000000000000007,6.694896738718451e-16,57.91,1.3933101346481114,0.022890000000000004,0.005122528968224877
143,1000.0,0.6,0.2,0.0,0.7,0.0,1.0000000000000007,6.694896738718451e-16,1.0000000000000007,6.694896738718451e-16,57.16000000000002,0.8844332774281065,0.022160000000000003,0.004368667133720825
144,1000.0,0.6,0.2,0.0,0.7,0.0,1.0000000000000007,6.694896738718451e-16,1.0000000000000007,6.694896738718451e-16,56.36000000000004,0.6116710015534618,0.023620000000000006,0.004640141063686437
145,1000.0,0.6,0.2,0.0,0.7,0.0,1.0000000000000007,6.694896738718451e-16,1.0000000000000007,6.694896738718451e-16,56.05000000000005,0.575159178669767,0.02241,0.005015319964213085
146,1000.0,0.6,0.2,0.0,0.7,0.0,0.9999800000000008,0.00014070529413628963,0.9999800000000008,0.00014070529413628963,55.72000000000001,0.6043612539305653,0.023010000000000003,0.004391210228709994
147,1000.0,0.6,0.2,0.0,0.7,0.0,1.0000000000000007,6.694896738718451e-16,1.0000000000000007,6.694896738718451e-16,55.389999999999986,0.4902071300001978,0.02353,0.005273250583574778
148,1000.0,0.6,0.2,0.0,0.7,0.0,1.0000000000000007,6.694896738718451e-16,1.0000000000000007,6.694896738718451e-16,55.08999999999993,0.32082595426382376,0.02277000000000001,0.0045501803716052214
149,1000.0,0.6,0.2,0.0,0.7,0.0,0.9999800000000006,0.00014070529413628995,0.9999800000000006,0.00014070529413628995,54.98999999999992,0.333181783730895,0.022170000000000002,0.004568347401391227
150,1000.0,0.6,0.2,0.0,0.7,0.0,0.9999800000000006,0.0001407052941362899,0.9999800000000006,0.0001407052941362899,54.939999999999934,0.34289321599553035,0.022579999999999992,0.0047485883069698625
151,1000.0,0.6,0.2,0.0,0.7,0.0,0.9999500000000008,0.00021904291355759038,0.9999500000000008,0.00021904291355759038,54.729999999999926,0.46828722947879864,0.023129999999999998,0.004536396024256359
152,1000.0,0.6,0.2,0.0,0.7,0.0,0.9999700000000008,0.00017144660799776562,0.9999700000000008,0.00017144660799776562,54.73999999999992,0.46319051646752746,0.022309999999999997,0.004785700501800055
153,1000.0,0.6,0.2,0.0,0.7,0.0,0.9999700000000008,0.00017144660799776572,0.9999700000000008,0.00017144660799776572,54.46999999999992,0.501613558046592,0.02288,0.004938572156959433
154,1000.0,0.6,0.2,0.0,0.7,0.0,0.9999600000000007,0.00019694638556693226,0.9999600000000007,0.00019694638556693226,54.31999999999992,0.4688261722621504,0.023109999999999995,0.0050550404888026704
155,1000.0,0.6,0.2,0.0,0.7,0.0,0.9999600000000008,0.00019694638556693272,0.9999600000000008,0.00019694638556693272,54.14999999999992,0.35887028128263654,0.02223999999999999,0.004490438776338055
156,1000.0,0.6,0.2,0.0,0.7,0.0,0.9999200000000008,0.0002726599243442912,0.9999200000000008,0.0002726599243442912,54.14999999999992,0.3588702812826366,0.022569999999999996,0.004954856815348558
157,1000.0,0.6,0.2,0.0,0.7,0.0,0.9999200000000008,0.000307482445914323,0.9999200000000008,0.000307482445914323,54.099999999999916,0.3015113445777636,0.021970000000000007,0.004615422105519842
158,1000.0,0.6,0.2,0.0,0.7,0.0,0.9999100000000009,0.00028762349126466185,0.9999100000000009,0.00028762349126466185,54.06999999999992,0.2931886695621032,0.022759999999999985,0.004958657361452072
159,1000.0,0.6,0.2,0.0,0.7,0.0,0.999910000000001,0.0002876234912646616,0.999910000000001,0.0002876234912646616,54.05999999999993,0.23868325657594178,0.022650000000000007,0.005420453221946771
160,1000.0,0.6,0.2,0.0,0.7,0.0,0.9999400000000007,0.0002386832565759421,0.9999400000000007,0.0002386832565759421,54.03999999999993,0.24287836253956205,0.023849999999999993,0.004515685345704919
161,1000.0,0.6,0.2,0.0,0.7999999999999999,0.0,0.9816600000000006,0.1290420978994958,0.9816600000000006,0.1290420978994958,59.14000000000001,2.313858118800588,0.023140000000000004,0.004929851351048463
162,1000.0,0.6,0.2,0.0,0.7999999999999999,0.0,1.0000000000000007,6.694896738718451e-16,1.0000000000000007,6.694896738718451e-16,58.13999999999999,1.620699437485763,0.02294999999999999,0.005085878647408097
163,1000.0,0.6,0.2,0.0,0.7999999999999999,0.0,1.0000000000000007,6.694896738718451e-16,1.0000000000000007,6.694896738718451e-16,57.06000000000001,0.9408785921958932,0.02278,0.004400596837390642
164,1000.0,0.6,0.2,0.0,0.7999999999999999,0.0,1.0000000000000007,6.694896738718451e-16,1.0000000000000007,6.694896738718451e-16,56.420000000000066,0.5891270720911633,0.023180000000000003,0.004693386707685484
165,1000.0,0.6,0.2,0.0,0.7999999999999999,0.0,0.9999900000000007,0.00010000000000000033,0.9999900000000007,0.00010000000000000033,56.13000000000004,0.5972157622389638,0.022540000000000004,0.004452714527865744
166,1000.0,0.6,0.2,0.0,0.7999999999999999,0.0,1.0000000000000007,6.694896738718451e-16,1.0000000000000007,6.694896738718451e-16,55.69000000000002,0.6145541210314739,0.022380000000000004,0.004943682837723308
167,1000.0,0.6,0.2,0.0,0.7999999999999999,0.0,1.0000000000000007,6.694896738718451e-16,1.0000000000000007,6.694896738718451e-16,55.35999999999996,0.48241815132442173,0.02353999999999999,0.004736320013758285
168,1000.0,0.6,0.2,0.0,0.7999999999999999,0.0,1.0000000000000007,6.694896738718451e-16,1.0000000000000007,6.694896738718451e-16,55.159999999999926,0.3684529491774703,0.02308,0.0047004835341212985
169,1000.0,0.6,0.2,0.0,0.7999999999999999,0.0,0.9999900000000007,0.00010000000000000017,0.9999900000000007,0.00010000000000000017,55.02999999999992,0.3611149960940981,0.022969999999999997,0.005026103577495908
170,1000.0,0.6,0.2,0.0,0.7999999999999999,0.0,1.0000000000000007,6.694896738718451e-16,1.0000000000000007,6.694896738718451e-16,54.909999999999904,0.35090071691478886,0.023030000000000016,0.00421746010022261
171,1000.0,0.6,0.2,0.0,0.7999999999999999,0.0,0.9999800000000006,0.00014070529413628993,0.9999800000000006,0.00014070529413628993,54.769999999999925,0.4229525846816507,0.022590000000000013,0.004276066822998382
172,1000.0,0.6,0.2,0.0,0.7999999999999999,0.0,0.9999600000000008,0.0001969463855669326,0.9999600000000008,0.0001969463855669326,54.59999999999994,0.49236596391733084,0.022419999999999992,0.00424306921504191
173,1000.0,0.6,0.2,0.0,0.7999999999999999,0.0,0.9999700000000007,0.00017144660799776518,0.9999700000000007,0.00017144660799776518,54.40999999999992,0.4943110704237099,0.023199999999999995,0.004396968652757639
174,1000.0,0.6,0.2,0.0,0.7999999999999999,0.0,0.9999600000000007,0.00019694638556693226,0.9999600000000007,0.00019694638556693226,54.289999999999935,0.4560480215720688,0.023110000000000002,0.005185245189647995
175,1000.0,0.6,0.2,0.0,0.7999999999999999,0.0,0.9999900000000007,0.00010000000000000033,0.9999900000000007,0.00010000000000000033,54.25999999999993,0.44084400227680803,0.022119999999999994,0.004839400580629586
176,1000.0,0.6,0.2,0.0,0.7999999999999999,0.0,0.9999300000000008,0.00025643239997624295,0.9999300000000008,0.00025643239997624295,54.17999999999993,0.38612291966536905,0.022319999999999996,0.004308506971473103
177,1000.0,0.6,0.2,0.0,0.7999999999999999,0.0,0.999910000000001,0.0002876234912646616,0.999910000000001,0.0002876234912646616,54.09999999999993,0.30151134457776363,0.022229999999999993,0.004587763698968786
178,1000.0,0.6,0.2,0.0,0.7999999999999999,0.0,0.9999200000000009,0.0002726599243442911,0.9999200000000009,0.0002726599243442911,54.08999999999994,0.2876234912646613,0.02258,0.005142769760360733
179,1000.0,0.6,0.2,0.0,0.7999999999999999,0.0,0.9999200000000009,0.0002726599243442911,0.9999200000000009,0.0002726599243442911,54.03999999999993,0.1969463855669322,0.023469999999999987,0.003880682539154288
180,1000.0,0.6,0.2,0.0,0.7999999999999999,0.0,0.999890000000001,0.00031446603773522034,0.999890000000001,0.00031446603773522034,54.019999999999925,0.14070529413628963,0.022269999999999995,0.004539067229413034
181,1000.0,0.6,0.2,0.0,0.8999999999999999,0.0,0.9817500000000006,0.12839454463063876,0.9817500000000006,0.12839454463063876,59.34000000000001,2.4255375328434567,0.023339999999999996,0.004515338617233799
182,1000.0,0.6,0.2,0.0,0.8999999999999999,0.0,0.9910300000000006,0.08970000000000007,0.9910300000000006,0.08970000000000007,57.86,1.2228464888748436,0.02349,0.005040232077388837
183,1000.0,0.6,0.2,0.0,0.8999999999999999,0.0,1.0000000000000007,6.694896738718451e-16,1.0000000000000007,6.694896738718451e-16,57.15000000000001,0.9252354327740623,0.02257,0.00476997130626865
184,1000.0,0.6,0.2,0.0,0.8999999999999999,0.0,1.0000000000000007,6.694896738718451e-16,1.0000000000000007,6.694896738718451e-16,56.47000000000002,0.784380344764277,0.02271999999999999,0.004614601332135361
185,1000.0,0.6,0.2,0.0,0.8999999999999999,0.0,0.9999900000000007,0.0001000000000000001,0.9999900000000007,0.0001000000000000001,56.09000000000007,0.473435755030621,0.022790000000000005,0.004973251685088169
186,1000.0,0.6,0.2,0.0,0.8999999999999999,0.0,0.9999800000000006,0.00014070529413628993,0.9999800000000006,0.00014070529413628993,55.70000000000001,0.5222329678670933,0.022219999999999997,0.005165112180619491
187,1000.0,0.6,0.2,0.0,0.8999999999999999,0.0,1.0000000000000007,6.694896738718451e-16,1.0000000000000007,6.694896738718451e-16,55.38999999999998,0.4902071300001967,0.022050000000000004,0.0047276854909152006
188,1000.0,0.6,0.2,0.0,0.8999999999999999,0.0,0.9999900000000007,0.00010000000000000017,0.9999900000000007,0.00010000000000000017,55.15999999999994,0.41971611377407975,0.02273,0.005050962504535371
189,1000.0,0.6,0.2,0.0,0.8999999999999999,0.0,1.0000000000000007,6.694896738718451e-16,1.0000000000000007,6.694896738718451e-16,54.989999999999924,0.3331817837308952,0.022479999999999986,0.004455118495402879
190,1000.0,0.6,0.2,0.0,0.8999999999999999,0.0,0.9999500000000008,0.00021904291355759038,0.9999500000000008,0.00021904291355759038,54.919999999999916,0.3673547263197998,0.02307,0.004856017822342611
191,1000.0,0.6,0.2,0.0,0.8999999999999999,0.0,0.9999800000000008,0.00014070529413628976,0.9999800000000008,0.00014070529413628976,54.82999999999993,0.4725815626252611,0.022829999999999996,0.00472272605749491
192,1000.0,0.6,0.2,0.0,0.8999999999999999,0.0,0.9999700000000008,0.00017144660799776548,0.9999700000000008,0.00017144660799776548,54.59999999999992,0.49236596391733034,0.02280000000000001,0.004380858271151806
193,1000.0,0.6,0.2,0.0,0.8999999999999999,0.0,0.9999800000000008,0.00014070529413628963,0.9999800000000008,0.00014070529413628963,54.39999999999991,0.49236596391733056,0.023300000000000005,0.005275251920835899
194,1000.0,0.6,0.2,0.0,0.8999999999999999,0.0,0.9999300000000008,0.0002564323999762429,0.9999300000000008,0.0002564323999762429,54.30999999999993,0.4648231987117316,0.02226,0.004051736128694176
195,1000.0,0.6,0.2,0.0,0.8999999999999999,0.0,0.9999500000000008,0.00021904291355759038,0.9999500000000008,0.00021904291355759038,54.23999999999993,0.4292346959909277,0.023,0.004905161165609755
196,1000.0,0.6,0.2,0.0,0.8999999999999999,0.0,0.9999500000000009,0.00021904291355759046,0.9999500000000009,0.00021904291355759046,54.19999999999993,0.4020151261036846,0.022690000000000005,0.0042036419995768026
197,1000.0,0.6,0.2,0.0,0.8999999999999999,0.0,0.9999400000000008,0.00023868325657594227,0.9999400000000008,0.00023868325657594227,54.089999999999925,0.28762349126466125,0.02178,0.00529070081856035
198,1000.0,0.6,0.2,0.0,0.8999999999999999,0.0,0.999860000000001,0.0003487350880197772,0.999860000000001,0.0003487350880197772,54.059999999999924,0.23868325657594197,0.02251,0.004551600894967691
199,1000.0,0.6,0.2,0.0,0.8999999999999999,0.0,0.9998800000000007,0.0003834979883528819,0.9998800000000007,0.0003834979883528819,54.05999999999993,0.23868325657594183,0.02292,0.004696183707452406
200,1000.0,0.6,0.2,0.0,0.8999999999999999,0.0,0.9998600000000009,0.0003765875486765095,0.9998600000000009,0.0003765875486765095,54.00999999999993,0.10000000000000003,0.02243999999999999,0.004528964026299521
201,1000.0,0.6,0.2,0.0,0.9999999999999999,0.0,1.0000000000000007,6.694896738718451e-16,1.0000000000000007,6.694896738718451e-16,59.28999999999999,1.695478240687996,0.02223000000000001,0.004433242195463313
202,1000.0,0.6,0.2,0.0,0.9999999999999999,0.0,1.0000000000000007,6.694896738718451e-16,1.0000000000000007,6.694896738718451e-16,57.97000000000001,1.2906423113154075,0.022440000000000012,0.004479628411717953
203,1000.0,0.6,0.2,0.0,0.9999999999999999,0.0,0.9999900000000007,0.00010000000000000017,0.9999900000000007,0.00010000000000000017,57.120000000000026,0.8561128973034422,0.02292999999999999,0.004911859488662481
204,1000.0,0.6,0.2,0.0,0.9999999999999999,0.0,0.9999900000000007,0.00010000000000000024,0.9999900000000007,0.00010000000000000024,56.570000000000014,0.6705191716841205,0.022889999999999997,0.004449253711113648
205,1000.0,0.6,0.2,0.0,0.9999999999999999,0.0,1.0000000000000007,6.694896738718451e-16,1.0000000000000007,6.694896738718451e-16,56.04000000000005,0.5846521887568553,0.02275999999999999,0.004599341191294617
206,1000.0,0.6,0.2,0.0,0.9999999999999999,0.0,1.0000000000000007,6.694896738718451e-16,1.0000000000000007,6.694896738718451e-16,55.679999999999986,0.5482755334738739,0.02321,0.004619447253654158
207,1000.0,0.6,0.2,0.0,0.9999999999999999,0.0,0.9999900000000007,0.0001000000000000003,0.9999900000000007,0.0001000000000000003,55.39999999999996,0.49236596391733123,0.02259,0.004853604304789869
208,1000.0,0.6,0.2,0.0,0.9999999999999999,0.0,0.9999800000000008,0.00014070529413628982,0.9999800000000008,0.00014070529413628982,55.08999999999992,0.3509007169147891,0.022279999999999998,0.004537342255932953
209,1000.0,0.6,0.2,0.0,0.9999999999999999,0.0,0.9999700000000008,0.0001714466079977654,0.9999700000000008,0.0001714466079977654,55.029999999999916,0.33196689624421905,0.022719999999999994,0.004815966710177236
210,1000.0,0.6,0.2,0.0,0.9999999999999999,0.0,0.9999800000000008,0.00014070529413628955,0.9999800000000008,0.00014070529413628955,54.88999999999993,0.3732196796699357,0.022430000000000005,0.004346727551163106
211,1000.0,0.6,0.2,0.0,0.9999999999999999,0.0,0.9999600000000007,0.00019694638556693229,0.9999600000000007,0.00019694638556693229,54.7399999999999,0.504925236990087,0.023249999999999996,0.0044797524282243345
212,1000.0,0.6,0.2,0.0,0.9999999999999999,0.0,0.9999400000000008,0.0002386832565759421,0.9999400000000008,0.0002386832565759421,54.63999999999993,0.4824181513244216,0.023199999999999995,0.00497874269147129
213,1000.0,0.6,0.2,0.0,0.9999999999999999,0.0,0.9999500000000009,0.00021904291355759046,0.9999500000000009,0.00021904291355759046,54.39999999999992,0.49236596391733084,0.022260000000000002,0.004487063335160021
214,1000.0,0.6,0.2,0.0,0.9999999999999999,0.0,0.9999800000000008,0.00014070529413628984,0.9999800000000008,0.00014070529413628984,54.36999999999994,0.4852365870939093,0.02255000000000001,0.0047276854909152006
215,1000.0,0.6,0.2,0.0,0.9999999999999999,0.0,0.9999400000000009,0.00023868325657594225,0.9999400000000009,0.00023868325657594225,54.15999999999993,0.3684529491774702,0.023170000000000003,0.005087229008988978
216,1000.0,0.6,0.2,0.0,0.9999999999999999,0.0,0.9999500000000008,0.0002611164839335469,0.9999500000000008,0.0002611164839335469,54.10999999999992,0.31446603773521986,0.021659999999999992,0.004449991487904694
217,1000.0,0.6,0.2,0.0,0.9999999999999999,0.0,0.9999600000000008,0.00019694638556693277,0.9999600000000008,0.00019694638556693277,54.109999999999935,0.31446603773522036,0.02272,0.005369348097292537
218,1000.0,0.6,0.2,0.0,0.9999999999999999,0.0,0.9999600000000008,0.00019694638556693277,0.9999600000000008,0.00019694638556693277,54.059999999999924,0.23868325657594172,0.023309999999999997,0.0045119258357684405
219,1000.0,0.6,0.2,0.0,0.9999999999999999,0.0,0.9999100000000009,0.0003509007169147898,0.9999100000000009,0.0003509007169147898,54.03999999999993,0.1969463855669321,0.022790000000000008,0.004746705396505257
220,1000.0,0.6,0.2,0.0,0.9999999999999999,0.0,0.9999000000000009,0.0003333333333333338,0.9999000000000009,0.0003333333333333338,54.049999999999926,0.2190429135575899,0.02302999999999999,0.004445983319443256
221,1000.0,0.6,0.2,1.0,0.0,0.0,0.9816000000000007,0.12944887060538626,0.9816000000000007,0.12944887060538626,59.20000000000003,1.8586407545691703,0.0227,0.005618332187193685
222,1000.0,0.6,0.2,1.0,0.0,0.0,1.0000000000000007,6.694896738718451e-16,1.0000000000000007,6.694896738718451e-16,57.93,1.28121627819629,0.022609999999999998,0.004904944938374421
223,1000.0,0.6,0.2,1.0,0.0,0.0,0.9999900000000007,0.00010000000000000025,0.9999900000000007,0.00010000000000000025,57.120000000000026,1.0850685404036646,0.02235000000000001,0.004955101442254265
224,1000.0,0.6,0.2,1.0,0.0,0.0,1.0000000000000007,6.694896738718451e-16,1.0000000000000007,6.694896738718451e-16,56.48000000000003,0.6739001514626737,0.022779999999999988,0.0043637163292336275
225,1000.0,0.6,0.2,1.0,0.0,0.0,0.9999900000000007,0.00010000000000000022,0.9999900000000007,0.00010000000000000022,56.03000000000004,0.5938234271450243,0.022959999999999994,0.0041461190323365095
226,1000.0,0.6,0.2,1.0,0.0,0.0,0.9999900000000007,0.00010000000000000036,0.9999900000000007,0.00010000000000000036,55.69000000000001,0.5259911279353168,0.022570000000000003,0.004656384777047447
227,1000.0,0.6,0.2,1.0,0.0,0.0,0.9999600000000008,0.00019694638556693285,0.9999600000000008,0.00019694638556693285,55.38999999999997,0.5298179599702817,0.02287999999999999,0.00454446049736613
228,1000.0,0.6,0.2,1.0,0.0,0.0,0.9999700000000007,0.00017144660799776516,0.9999700000000007,0.00017144660799776516,55.089999999999925,0.40439504637835716,0.022390000000000004,0.00498461268669529
229,1000.0,0.6,0.2,1.0,0.0,0.0,0.9999900000000007,0.00010000000000000029,0.9999900000000007,0.00010000000000000029,54.989999999999924,0.3331817837308952,0.022479999999999997,0.00451368290128287
230,1000.0,0.6,0.2,1.0,0.0,0.0,0.9999800000000008,0.00014070529413628957,0.9999800000000008,0.00014070529413628957,54.85999999999991,0.40251733132897727,0.0222,0.0046774766572146445
231,1000.0,0.6,0.2,1.0,0.0,0.0,0.9999700000000008,0.00017144660799776564,0.9999700000000008,0.00017144660799776564,54.76999999999991,0.42295258468165087,0.023520000000000003,0.004795789399003668
232,1000.0,0.6,0.2,1.0,0.0,0.0,0.9999600000000007,0.00019694638556693226,0.9999600000000007,0.00019694638556693226,54.63999999999994,0.5029207620781758,0.022479999999999997,0.004967530939648354
233,1000.0,0.6,0.2,1.0,0.0,0.0,0.9999900000000007,0.00010000000000000036,0.9999900000000007,0.00010000000000000036,54.41999999999993,0.496044963748858,0.022680000000000006,0.0043085069714731035
234,1000.0,0.6,0.2,1.0,0.0,0.0,0.9999700000000008,0.0001714466079977656,0.9999700000000008,0.0001714466079977656,54.349999999999916,0.47937248544110256,0.022960000000000005,0.004996807061322341
235,1000.0,0.6,0.2,1.0,0.0,0.0,0.9999400000000008,0.00023868325657594208,0.9999400000000008,0.00023868325657594208,54.26999999999991,0.4682872294787992,0.02249,0.005113845338042024
236,1000.0,0.6,0.2,1.0,0.0,0.0,0.9999500000000007,0.00026111648393354665,0.9999500000000007,0.00026111648393354665,54.18999999999992,0.3942772444036623,0.022149999999999996,0.005401786086961696
237,1000.0,0.6,0.2,1.0,0.0,0.0,0.9999500000000009,0.00021904291355759046,0.9999500000000009,0.00021904291355759046,54.15999999999992,0.36845294917747085,0.02236,0.004674279504788828
238,1000.0,0.6,0.2,1.0,0.0,0.0,0.9999200000000008,0.0002726599243442912,0.9999200000000008,0.0002726599243442912,54.03999999999993,0.19694638556693222,0.022359999999999988,0.00479797937267409
239,1000.0,0.6,0.2,1.0,0.0,0.0,0.9999400000000008,0.00023868325657594222,0.9999400000000008,0.00023868325657594222,54.08999999999993,0.2876234912646618,0.022929999999999996,0.004582035628959089
240,1000.0,0.6,0.2,1.0,0.0,0.0,0.9999600000000007,0.00019694638556693226,0.9999600000000007,0.00019694638556693226,54.05999999999993,0.2777979790634142,0.022399999999999996,0.004406148138015947
241,1000.0,0.6,0.2,1.0,0.1,0.0,1.0000000000000007,6.694896738718451e-16,1.0000000000000007,6.694896738718451e-16,59.340000000000025,2.128308476160581,0.02202999999999999,0.004626351836288645
242,1000.0,0.6,0.2,1.0,0.1,0.0,1.0000000000000007,6.694896738718451e-16,1.0000000000000007,6.694896738718451e-16,57.959999999999994,1.1799674708750367,0.02263,0.004554174464214678
243,1000.0,0.6,0.2,1.0,0.1,0.0,1.0000000000000007,6.694896738718451e-16,1.0000000000000007,6.694896738718451e-16,57.25000000000001,1.1492202011394808,0.02233000000000001,0.004974795056943137
244,1000.0,0.6,0.2,1.0,0.1,0.0,0.9999900000000007,0.00010000000000000015,0.9999900000000007,0.00010000000000000015,56.53000000000004,0.6583573068132098,0.02294,0.004766931545935642
245,1000.0,0.6,0.2,1.0,0.1,0.0,0.9999800000000008,0.00014070529413628984,0.9999800000000008,0.00014070529413628984,56.18000000000005,0.6093546843285369,0.022369999999999998,0.005242898034291702
246,1000.0,0.6,0.2,1.0,0.1,0.0,0.9999900000000007,0.00010000000000000018,0.9999900000000007,0.00010000000000000018,55.780000000000015,0.5787482137765051,0.02175,0.004689069602530308
247,1000.0,0.6,0.2,1.0,0.1,0.0,0.9999900000000007,0.00010000000000000025,0.9999900000000007,0.00010000000000000025,55.42999999999995,0.49756985195624265,0.02213,0.004551955956542531
248,1000.0,0.6,0.2,1.0,0.1,0.0,0.9999700000000007,0.00017144660799776518,0.9999700000000007,0.00017144660799776518,55.14999999999995,0.38599209705627285,0.02194,0.004336409164786509
249,1000.0,0.6,0.2,1.0,0.1,0.0,0.9999600000000007,0.00019694638556693229,0.9999600000000007,0.00019694638556693229,55.029999999999916,0.26419307295608624,0.02231,0.004547604542031669
250,1000.0,0.6,0.2,1.0,0.1,0.0,0.9999600000000007,0.00019694638556693229,0.9999600000000007,0.00019694638556693229,54.92999999999993,0.3828389433765281,0.022020000000000012,0.005124668010927363
251,1000.0,0.6,0.2,1.0,0.1,0.0,0.9999800000000006,0.0001407052941362899,0.9999800000000006,0.0001407052941362899,54.80999999999991,0.39427724440366296,0.022319999999999982,0.004631643467725169
252,1000.0,0.6,0.2,1.0,0.1,0.0,0.9999700000000008,0.0001714466079977656,0.9999700000000008,0.0001714466079977656,54.60999999999993,0.5103969538555749,0.022769999999999995,0.004111710303044418
253,1000.0,0.6,0.2,1.0,0.1,0.0,0.9999700000000008,0.00017144660799776562,0.9999700000000008,0.00017144660799776562,54.39999999999993,0.49236596391733123,0.023239999999999993,0.004544104850120527
254,1000.0,0.6,0.2,1.0,0.1,0.0,1.0000000000000007,6.694896738718451e-16,1.0000000000000007,6.694896738718451e-16,54.27999999999993,0.4512608598542127,0.02197999999999999,0.0041608565551731385
255,1000.0,0.6,0.2,1.0,0.1,0.0,0.9999400000000007,0.00023868325657594214,0.9999400000000007,0.00023868325657594214,54.259999999999934,0.46319051646752735,0.02216,0.0051751543186867605
256,1000.0,0.6,0.2,1.0,0.1,0.0,0.9999700000000008,0.00017144660799776548,0.9999700000000008,0.00017144660799776548,54.15999999999993,0.3684529491774702,0.022400000000000003,0.004481161465603319
257,1000.0,0.6,0.2,1.0,0.1,0.0,0.9999200000000009,0.0002726599243442913,0.9999200000000009,0.0002726599243442913,54.07999999999992,0.27265992434429076,0.022539999999999998,0.004555870893249675
258,1000.0,0.6,0.2,1.0,0.1,0.0,0.9999700000000008,0.00017144660799776567,0.9999700000000008,0.00017144660799776567,54.05999999999993,0.2386832565759419,0.02223,0.004541292033478286
259,1000.0,0.6,0.2,1.0,0.1,0.0,0.9999400000000008,0.0002777979790634145,0.9999400000000008,0.0002777979790634145,54.05999999999993,0.23868325657594186,0.021999999999999995,0.004796884510815431
260,1000.0,0.6,0.2,1.0,0.1,0.0,0.9999100000000009,0.0002876234912646619,0.9999100000000009,0.0002876234912646619,54.069999999999936,0.29318866956210277,0.02273,0.004552399744568071
261,1000.0,0.6,0.2,1.0,0.2,0.0,0.9907800000000007,0.0922000000000002,0.9907800000000007,0.0922000000000002,59.43000000000001,2.6218005995571776,0.022129999999999993,0.004143036021415633
262,1000.0,0.6,0.2,1.0,0.2,0.0,0.9999900000000007,0.00010000000000000015,0.9999900000000007,0.00010000000000000015,57.96999999999999,1.3518038827336372,0.023219999999999998,0.004665757487192504
263,1000.0,0.6,0.2,1.0,0.2,0.0,1.0000000000000007,6.694896738718451e-16,1.0000000000000007,6.694896738718451e-16,57.11999999999999,0.7691002220225595,0.022449999999999994,0.004831243017165365
264,1000.0,0.6,0.2,1.0,0.2,0.0,1.0000000000000007,6.694896738718451e-16,1.0000000000000007,6.694896738718451e-16,56.49000000000003,0.658970730945179,0.022410000000000003,0.004876443065359933
265,1000.0,0.6,0.2,1.0,0.2,0.0,0.9999700000000007,0.00017144660799776518,0.9999700000000007,0.00017144660799776518,56.140000000000036,0.6516490348695878,0.02225999999999999,0.004639792750509099
266,1000.0,0.6,0.2,1.0,0.2,0.0,0.9999900000000007,0.00010000000000000018,0.9999900000000007,0.00010000000000000018,55.72000000000003,0.5140451577852124,0.022399999999999996,0.004394670785523225
267,1000.0,0.6,0.2,1.0,0.2,0.0,1.0000000000000007,6.694896738718451e-16,1.0000000000000007,6.694896738718451e-16,55.41999999999997,0.5160064207571703,0.022660000000000003,0.004555427443382145
268,1000.0,0.6,0.2,1.0,0.2,0.0,0.9999700000000008,0.0001714466079977656,0.9999700000000008,0.0001714466079977656,55.259999999999934,0.4845074558223795,0.022350000000000002,0.00484794031033028
269,1000.0,0.6,0.2,1.0,0.2,0.0,0.9999800000000008,0.00014070529413628984,0.9999800000000008,0.00014070529413628984,55.04999999999992,0.32952368440805374,0.0229,0.0044687466889159165
270,1000.0,0.6,0.2,1.0,0.2,0.0,0.9999700000000008,0.00017144660799776562,0.9999700000000008,0.00017144660799776562,54.85999999999992,0.4025173313289775,0.022589999999999996,0.004185339975088133
271,1000.0,0.6,0.2,1.0,0.2,0.0,0.9999600000000007,0.00019694638556693226,0.9999600000000007,0.00019694638556693226,54.78999999999992,0.4093601807403328,0.02206,0.004284857057125708
272,1000.0,0.6,0.2,1.0,0.2,0.0,0.9999900000000007,0.0001000000000000002,0.9999900000000007,0.0001000000000000002,54.66999999999992,0.4934930126509938,0.02248,0.004611097724210824
273,1000.0,0.6,0.2,1.0,0.2,0.0,0.9999600000000007,0.0001969463855669322,0.9999600000000007,0.0001969463855669322,54.50999999999993,0.5024183937956916,0.02294999999999999,0.005019909854718005
274,1000.0,0.6,0.2,1.0,0.2,0.0,0.9999500000000008,0.00021904291355759036,0.9999500000000008,0.00021904291355759036,54.25999999999992,0.440844002276808,0.022089999999999988,0.004568435843984903
275,1000.0,0.6,0.2,1.0,0.2,0.0,0.9999700000000008,0.00017144660799776545,0.9999700000000008,0.00017144660799776545,54.199999999999925,0.4020151261036852,0.021649999999999992,0.004319032345796962
276,1000.0,0.6,0.2,1.0,0.2,0.0,0.9999200000000009,0.0002726599243442911,0.9999200000000009,0.0002726599243442911,54.17999999999992,0.3861229196653693,0.022969999999999997,0.004628534685333289
